iter	RMSE
0	56.62912412
1	51.65573934
2	47.21748401
3	43.19884893
4	39.59051201
5	36.4217659
6	33.5605841
7	31.04323166
8	28.79328524
9	26.77101626
